,tau,tau,tau,tau,tau,tau,tau,tau,mo_mi,mo_mi,mo_mi,mo_mi,mo_mi,mo_mi,mo_mi,mo_mi
,count,mean,std,min,25%,50%,75%,max,count,mean,std,min,25%,50%,75%,max
Type,,,,,,,,,,,,,,,,
catchment,21.0,2.8523809523809525,3.089274841709466,0.4,1.0,2.1,3.1,13.5,21.0,0.4861904542405454,0.13272064082845145,0.23000026083370448,0.3899996333449659,0.4899998666599759,0.5599999637416487,0.6899999561096755
estuary,2.0,1.23630137,0.3729261789252047,0.97260274,1.104452055,1.23630137,1.368150685,1.5,2.0,0.606342378384849,0.15039076633384066,0.5000000476823486,0.5531712130335987,0.606342378384849,0.659513543736099,0.7126847090873492
lake,49.0,20.168231292510203,100.9180473506401,0.07,0.7,1.66,2.7,692.0,49.0,0.5997959183673469,0.20675559037099786,0.09999999999999998,0.49,0.5800000000000001,0.74,0.99
reservoir,6.0,0.4083333333333334,0.443459881687923,0.12,0.1925,0.255,0.325,1.3,6.0,0.7883333333333332,0.1584192749215406,0.55,0.7124999999999999,0.785,0.9175,0.96
river,14.0,0.017082517801304632,0.03910255408229005,0.00011415525205479451,0.0005121043438356164,0.0019339958575342467,0.012271689497945205,0.148356164,14.0,0.7734691197331571,0.20608647381964712,0.36,0.668333333,0.81,0.9480203026613161,1.0
